{
  "activation": "ReLU",
  "batch_size": 128,
  "dilations": [
    1,
    1,
    2,
    2,
    4
  ],
  "h1": 64,
  "h2": 4,
  "lr": 0.003827338216841673,
  "wd": 0.021011560573070825
}