{
  "activation": "ReLU",
  "batch_size": 128,
  "dilations": [
    1,
    1,
    2,
    2,
    4
  ],
  "h1": 8,
  "h2": 64,
  "lr": 0.006950543809910041,
  "wd": 0.0054774242852431475
}