{
  "activation": "ReLU",
  "batch_size": 128,
  "dilations": [
    1,
    1,
    2,
    2,
    4
  ],
  "h1": 8,
  "h2": 64,
  "lr": 0.00783316277237776,
  "wd": 0.014525812657772037
}