{
  "activation": "ReLU",
  "batch_size": 128,
  "dilations": [
    1,
    1,
    2,
    2,
    4
  ],
  "h1": 32,
  "h2": 4,
  "lr": 0.00461693247072107,
  "wd": 0.03795977173838666
}