{
  "activation": "ReLU",
  "batch_size": 128,
  "dilations": [
    1,
    1,
    2,
    2,
    4
  ],
  "h1": 8,
  "h2": 32,
  "lr": 0.0011154245008640539,
  "wd": 0.015549412275096576
}