{
  "activation": "ReLU",
  "batch_size": 128,
  "dilations": [
    1,
    1,
    2,
    2,
    4
  ],
  "h1": 8,
  "h2": 64,
  "lr": 0.003619632653832735,
  "wd": 0.0025949802226244525
}