{
  "activation": "ReLU",
  "batch_size": 128,
  "dilations": [
    1,
    1,
    2,
    2,
    4
  ],
  "h1": 32,
  "h2": 32,
  "lr": 0.005454416013045328,
  "wd": 0.007708747522797068
}