{
  "activation": "ReLU",
  "batch_size": 128,
  "dilations": [
    1,
    1,
    2,
    2,
    4
  ],
  "h1": 64,
  "h2": 32,
  "lr": 0.007762247227697192,
  "wd": 0.006664147852201251
}