{
  "activation": "ReLU",
  "batch_size": 128,
  "dilations": [
    1,
    1,
    2,
    2,
    4
  ],
  "h1": 8,
  "h2": 8,
  "lr": 0.0045691795727241975,
  "wd": 0.0031310184263334973
}