{
  "activation": "ReLU",
  "batch_size": 128,
  "dilations": [
    1,
    1,
    2,
    2,
    4
  ],
  "h1": 32,
  "h2": 64,
  "lr": 0.0009903982770008654,
  "wd": 0.010756665852571196
}