{
  "activation": "ReLU",
  "batch_size": 128,
  "dilations": [
    1,
    1,
    2,
    2,
    4
  ],
  "h1": 4,
  "h2": 32,
  "lr": 0.002580614634562795,
  "wd": 0.0071044975605632325
}