{
  "activation": "ReLU",
  "batch_size": 128,
  "dilations": [
    1,
    1,
    2,
    2,
    4
  ],
  "h1": 32,
  "h2": 16,
  "lr": 0.006755028270741501,
  "wd": 0.02405851355933271
}